CHAIN_ID, CLIENT, CONNECTION, CHANNEL, PORT, COUNTERPARTY_CHAIN, COUNTERPARTY_CLIENT, COUNTERPARTY_CONNECTION, COUNTERPARTY_CHANNEL, COUNTERPARTY_PORT
sommelier-3, 07-tendermint-54, connection-57, channel-39, icahost, magic-1, 07-tendermint-12, connection-9, channel-54, icacontroller-sommelier-3.performance
sommelier-3, 07-tendermint-54, connection-57, channel-40, icahost, magic-1, 07-tendermint-12, connection-9, channel-52, icacontroller-sommelier-3.deposit
sommelier-3, 07-tendermint-54, connection-57, channel-41, icahost, magic-1, 07-tendermint-12, connection-9, channel-55, icacontroller-sommelier-3.delegate
sommelier-3, 07-tendermint-56, connection-58, channel-55, icahost, rhye-1, 07-tendermint-16, connection-13, channel-49, icacontroller-sommelier-3.delegate
sommelier-3, 07-tendermint-56, connection-58, channel-56, icahost, rhye-1, 07-tendermint-16, connection-13, channel-46, icacontroller-sommelier-3.deposit
sommelier-3, 07-tendermint-56, connection-58, channel-57, icahost, rhye-1, 07-tendermint-16, connection-13, channel-48, icacontroller-sommelier-3.performance
sommelier-3, 07-tendermint-56, connection-58, channel-58, icahost, rhye-1, 07-tendermint-16, connection-13, channel-47, icacontroller-sommelier-3.withdrawal
sommelier-3, 07-tendermint-0, connection-0, channel-0, transfer, osmosis-1, 07-tendermint-1745, connection-1348, channel-165, transfer
sommelier-3, 07-tendermint-4, connection-1, channel-1, transfer, injective-1, 07-tendermint-135, connection-108, channel-93, transfer
sommelier-3, 07-tendermint-18, connection-17, channel-10, transfer, akashnet-2, 07-tendermint-153, connection-134, channel-97, transfer
sommelier-3, 07-tendermint-19, connection-20, channel-11, transfer, arkh, 07-tendermint-81, connection-71, channel-51, transfer
sommelier-3, 07-tendermint-20, connection-21, channel-12, transfer, mantle-1, 07-tendermint-89, connection-62, channel-49, transfer
sommelier-3, 07-tendermint-21, connection-22, channel-13, transfer, bitcanna-1, 07-tendermint-65, connection-60, channel-38, transfer
sommelier-3, 07-tendermint-22, connection-23, channel-14, transfer, bostrom, 07-tendermint-67, connection-40, channel-34, transfer
sommelier-3, 07-tendermint-24, connection-24, channel-15, transfer, chihuahua-1, 07-tendermint-160, connection-107, channel-55, transfer
sommelier-3, 07-tendermint-25, connection-25, channel-16, transfer, crescent-1, 07-tendermint-101, connection-89, channel-57, transfer
sommelier-3, 07-tendermint-26, connection-27, channel-17, transfer, crypto-org-chain-mainnet-1, 07-tendermint-1181, connection-307, channel-77, transfer
sommelier-3, 07-tendermint-27, connection-29, channel-18, transfer, gravity-bridge-3, 07-tendermint-389, connection-369, channel-129, transfer
sommelier-3, 07-tendermint-28, connection-30, channel-19, transfer, irishub-1, 07-tendermint-137, connection-102, channel-60, transfer
sommelier-3, 07-tendermint-10, connection-6, channel-2, transfer, canto_7700-1, 07-tendermint-24, connection-16, channel-10, transfer
sommelier-3, 07-tendermint-29, connection-31, channel-20, transfer, jackal-1, 07-tendermint-38, connection-29, channel-25, transfer
sommelier-3, 07-tendermint-30, connection-32, channel-21, transfer, juno-1, 07-tendermint-371, connection-369, channel-264, transfer
sommelier-3, 07-tendermint-31, connection-35, channel-22, transfer, kava_2222-10, 07-tendermint-106, connection-143, channel-106, transfer
sommelier-3, 07-tendermint-32, connection-36, channel-23, transfer, mars-1, 07-tendermint-52, connection-41, channel-30, transfer
sommelier-3, 07-tendermint-33, connection-37, channel-24, transfer, odin-mainnet-freya, 07-tendermint-93, connection-70, channel-53, transfer
sommelier-3, 07-tendermint-34, connection-38, channel-25, transfer, core-1, 07-tendermint-138, connection-174, channel-105, transfer
sommelier-3, 07-tendermint-35, connection-39, channel-26, transfer, sentinelhub-2, 07-tendermint-168, connection-136, channel-82, transfer
sommelier-3, 07-tendermint-37, connection-40, channel-27, transfer, cheqd-mainnet-1, 07-tendermint-78, connection-57, channel-31, transfer
sommelier-3, 07-tendermint-43, connection-45, channel-28, transfer, stargaze-1, 07-tendermint-259, connection-193, channel-164, transfer
sommelier-3, 07-tendermint-44, connection-46, channel-29, transfer, iov-mainnet-ibc, 07-tendermint-82, connection-64, channel-40, transfer
sommelier-3, 07-tendermint-11, connection-7, channel-3, transfer, carbon-1, 07-tendermint-49, connection-27, channel-23, transfer
sommelier-3, 07-tendermint-45, connection-47, channel-30, transfer, stride-1, 07-tendermint-103, connection-92, channel-108, transfer
sommelier-3, 07-tendermint-46, connection-48, channel-31, transfer, teritori-1, 07-tendermint-69, connection-47, channel-36, transfer
sommelier-3, 07-tendermint-48, connection-50, channel-32, transfer, phoenix-1, 07-tendermint-224, connection-177, channel-154, transfer
sommelier-3, 07-tendermint-49, connection-51, channel-33, transfer, umee-1, 07-tendermint-201, connection-140, channel-81, transfer
sommelier-3, 07-tendermint-51, connection-53, channel-34, transfer, stride-1, 07-tendermint-118, connection-101, channel-115, transfer
sommelier-3, 07-tendermint-52, connection-54, channel-35, transfer, columbus-5, 07-tendermint-217, connection-137, channel-83, transfer
sommelier-3, 07-tendermint-53, connection-55, channel-36, transfer, phoenix-1, 07-tendermint-295, connection-209, channel-182, transfer
sommelier-3, 07-tendermint-54, connection-57, channel-37, transfer, magic-1, 07-tendermint-12, connection-9, channel-51, transfer
sommelier-3, 07-tendermint-12, connection-8, channel-4, transfer, kaiyo-1, 07-tendermint-107, connection-77, channel-69, transfer
sommelier-3, 07-tendermint-13, connection-10, channel-5, transfer, axelar-dojo-1, 07-tendermint-109, connection-96, channel-72, transfer
sommelier-3, 07-tendermint-56, connection-58, channel-50, transfer, rhye-1, 07-tendermint-16, connection-13, channel-45, transfer
sommelier-3, 07-tendermint-57, connection-59, channel-59, transfer, quicksilver-2, 07-tendermint-79, connection-54, channel-101, transfer
sommelier-3, 07-tendermint-14, connection-12, channel-6, transfer, kaiyo-1, 07-tendermint-110, connection-80, channel-73, transfer
sommelier-3, 07-tendermint-15, connection-14, channel-7, transfer, phoenix-1, 07-tendermint-191, connection-151, channel-131, transfer
sommelier-3, 07-tendermint-16, connection-15, channel-8, transfer, eightball-1, 07-tendermint-69, connection-60, channel-56, transfer
sommelier-3, 07-tendermint-17, connection-16, channel-9, transfer, agoric-3, 07-tendermint-55, connection-50, channel-42, transfer
